<!DOCTYPE mapper PUBLIC "-//mybatis.org//DTD Mapper 3.0//EN"
        "http://mybatis.org/dtd/mybatis-3-mapper.dtd">
<mapper namespace="com.cs.dao.GoodsDao">
    <!--      id 跟要绑定的dao层方法名对应  -->
    <select id="selectAllGoods" resultType="goods">
        select csyyds.goods.id,
               csyyds.goods.name,
               csyyds.goods.repertory,
               csyyds.goods.price,
               csyyds.user.id        as "u_id",
               csyyds.user.name      as "u_name",
               csyyds.goodstype.name as type
        from csyyds.user,
             csyyds.goods,
             csyyds.goodstype,
             csyyds.type_goods,
             csyyds.user_goods
        where user.id = user_goods.uid
          and user_goods.gid = goods.id
          and goods.id = type_goods.gid
          and goodstype.id = type_goods.tid
    </select>

    <select id="selectAllGoodsType" resultType="goodsType">
        select *
        from csyyds.goodstype
    </select>

    <insert id="addGoodsType" parameterType="goodsType">
        insert into csyyds.goodstype (csyyds.goodstype.name) values (#{name})
    </insert>

    <update id="updateGoodsType" parameterType="goodsType">
        update csyyds.goodstype set name = #{name} where id = #{id}
    </update>

    <delete id="deleteGoodsType">
        delete from csyyds.goodstype where id=#{id}
    </delete>

    <insert id="addGoods" parameterType="goods">
        insert into csyyds.goods (name, price, repertory,u_name) values (#{name},#{price},#{repertory},#{u_name})
    </insert>

    <insert id="addGoods_user">
        insert into csyyds.user_goods (uid, gid) values (#{uid},#{gid})
    </insert>

    <insert id="addGoods_goodsType">
        insert into csyyds.type_goods (gid, tid) values (#{gid},#{tid})
    </insert>

    <select id="selectGoodsByName" resultType="goods">
        select *
        from csyyds.goods
        where name = #{name}
    </select>

    <select id="selectGoodsTypeByName" resultType="goodsType">
        select *
        from csyyds.goodstype
        where name = #{name}
    </select>

    <update id="updateRepertory" >
        update csyyds.goods set repertory = #{repertory} where id = #{id}
    </update>

    <insert id="addRecord">
        insert into csyyds.repertory_record (u_name, time, flag, nums,name) values (#{u_name},#{time},#{flag},#{nums},#{name})
    </insert>

    <select id="selectGoodsByID" resultType="goods">
        select *
        from csyyds.goods
        where id = #{id}
    </select>

    <select id="selectAllRecord" resultType="record">
        select * from csyyds.repertory_record
    </select>
</mapper>