<?xml version="1.0" encoding="UTF-8"?>
<!DOCTYPE configuration PUBLIC "-//mybatis.org//DTD Config 3.0//EN"
"http://mybatis.org/dtd/mybatis-3-config.dtd">
<configuration>

	<properties resource="database.properties"/>
<!--	设置别名-->
	<typeAliases>
		<typeAlias type="java.lang.String" alias="string"/>
		<typeAlias type="com.cs.Entity.User" alias="user"/>
		<typeAlias type="java.util.List" alias="userList"/>
		<typeAlias type="com.cs.Entity.Goods" alias="goods"/>
		<typeAlias type="com.cs.Entity.GoodsType" alias="goodsType"/>
		<typeAlias type="com.cs.Entity.Record" alias="record"/>
	</typeAliases>

	<!--	配置分页-->
	<plugins>
		<!-- 让mybatis兼容pageHtlper -->
		<plugin interceptor="com.github.pagehelper.PageInterceptor">
			<property name="helperDialect" value="mysql"/>
		</plugin>
	</plugins>

	<environments default="development">
		<environment id="development">
			<transactionManager type="JDBC"></transactionManager>
			<dataSource type="POOLED">
				<property name="driver" value="${driver}"/>
				<property name="url" value="${url}"/>
				<property name="username" value="${username}"/>
				<property name="password" value="${password}"/>
			</dataSource>
		</environment>
	</environments>
	
	<mappers>
		<mapper resource="userMapper.xml"/>
		<mapper resource="goodsMapper.xml"/>
	</mappers>
</configuration>