<!DOCTYPE mapper PUBLIC "-//mybatis.org//DTD Mapper 3.0//EN"
        "http://mybatis.org/dtd/mybatis-3-mapper.dtd">
<mapper namespace="com.cs.dao.UserDao">

<!--    用到了mybatis的别名-->
    <select id="login" parameterType="user" resultType="user">
        select * from csyyds.user where username = #{username} and password = #{password}
    </select>

    <insert id="addUser" parameterType="user">
        insert into csyyds.user ( username, password, u_delete, type, name, tel, address)  values (#{username},#{password},#{u_delete},#{type},#{name},#{tel},#{address})
    </insert>

    <select id="selectAllUser" resultType="user">
        select * from csyyds.user
    </select>

    <update id="updateUser" parameterType="user">
        update csyyds.user set name = #{name},username = #{username},password = #{password},tel = #{tel},address = #{address},type = #{type} where id = #{id}
    </update>


    <update id="deleteUser">
        update csyyds.user set user.u_delete = 1 where id = #{id}
    </update>

</mapper>